"t","C","Y","G","defY","defC","defG","Cr","Yr","Gr","YDr","Sr","Hr","Hr_lag"
1991,643447.16582824,881040.08200095,116234.88193283,0.0703043475530425,0.0771006012111647,0.0372097899590623,8345553.15678997,12531800.8439838,3123771.51445117,9408029.32953266,1062476.17274269,1062476.17274269,NA
1992,840775.43194008,1151917.87375807,139497.58887515,0.0841745893424993,0.0918883653095184,0.0432476687167861,9149966.14759656,13684864.788244,3225551.64276417,10459313.1454799,1309346.9978833,2371823.170626,1062476.17274269
1993,1001063.93224544,1362412.38754916,174004.32965676,0.092958688392683,0.0999142548878507,0.0511668999505987,10019230.3227311,14656105.9660605,3400720.5796083,11255385.3864522,1236155.06372107,3607978.23434707,2371823.170626
1994,1188554.57129266,1647124.68288853,219032.63559202,0.107525758678619,0.112797463545008,0.0631123017102761,10537068.2454966,15318419.5408617,3470522.06394742,11847897.4769142,1310829.23141766,4918807.46576473,3607978.23434707
1995,1477688.86622774,2079862.88693841,268857.39740508,0.130360190081948,0.137198749828396,0.0777806849302704,10770425.1538443,15954739.5998038,3456608.76663799,12498130.8331659,1727705.6793216,6646513.14508633,4918807.46576473
1996,1776110.68014598,2425725.55442445,316870.77449858,0.150012077771199,0.162098576624086,0.0909083189035234,10956978.8775189,16170201.6961875,3485608.119482,12684593.5767055,1727614.69918661,8374127.84427294,6646513.14508633
1997,2104278.70912543,2934156.5141361,370407.77309861,0.172033685776219,0.183245034103358,0.102081019977364,11483414.6497991,17055709.1821705,3628566.53647021,13427142.6457003,1943727.99590127,10317855.8401742,8374127.84427294
1998,2418579.78810762,3519453.78692976,448035.01931478,0.192691475288405,0.201647278429344,0.121112085398543,11994110.7410238,18264709.3321701,3699341.95947855,14565367.3726916,2571256.63166771,12889112.4718419,10317855.8401742
1999,2771463.99255352,4072330.20017243,541094.98992127,0.21408198152514,0.227326266504684,0.143555590446204,12191569.5672432,19022293.1008054,3769236.62979215,15253056.4710133,3061486.90377009,15950599.375612,12889112.4718419
2000,3065409.99179615,4627050.52547381,635193.45319416,0.23433402238027,0.24927514344191,0.164861494423487,12297295.0670892,19745534.5087073,3852891.51608992,15892642.9926173,3595347.92552816,19545947.3011402,15950599.375612
2001,3437422.3469674,5254084.45422469,751140.32608524,0.257113490134415,0.273105701597115,0.186747278356038,12586417.3719752,20434884.4219646,4022229.03968204,16412655.3822825,3826238.01030737,23372185.3114475,19545947.3011402
2002,4020046.76400958,5965391.25967584,876260.15503429,0.282276895110321,0.302657113313248,0.213262087304941,13282512.0810852,21133119.1571468,4108841.68915282,17024277.467994,3741765.3869088,27113950.6983563,23372185.3114475
2003,4718107.28734053,6885560.04373738,998231.68753098,0.312334403368535,0.338721846029123,0.238383848949201,13929149.6626258,22045474.2400338,4187497.14769352,17857977.0923403,3928827.42971454,31042778.1280709,27113950.6983563
2004,5536779.19198068,8150137.80104376,1139096.45459471,0.354032139171842,0.387595725331198,0.269101816831462,14284933.5793101,23020898.1029482,4232957.13127096,18787940.9716772,4503007.39236715,35545785.520438,31042778.1280709
2005,6686350.55770278,9577022.22686042,1294131.6353278,0.400103492751263,0.446564497185626,0.302405039284823,14972866.4052831,23936362.4671337,4279464.51682279,19656897.9503109,4684031.54502783,40229817.0654659,35545785.520438
2006,8005735.25447474,11613319.990806,1528898.34476224,0.452054175391961,0.508452799187129,0.346192316170464,15745287.0104632,25690106.6796617,4416326.62929877,21273780.050363,5528493.03989981,45758310.1053657,40229817.0654659
2007,9611264.04487598,13889052.9111363,1778530.54030865,0.499595744087797,0.566924769120464,0.392944568723169,16953332.3791569,27800582.9222906,4526161.40258101,23274421.5197096,6321089.14055277,52079399.2459184,45758310.1053657
2008,11443597.1770748,16208974.6985124,2200769.44468874,0.556668490933072,0.637087610362654,0.462031729223136,17962360.2640156,29117823.1973277,4763243.09672223,24354580.1006054,6392219.83658981,58471619.0825082,52079399.2459184
2009,11685019.5072197,17626147.744796,2775788.32914651,0.610672742651324,0.648757918810056,0.548660130458638,18011370.9111285,28863491.8733552,5059212.75312307,23804279.1202321,5792908.2091036,64264527.2916119,58471619.0825082
2010,12950245.1894824,19802010.5927076,3291234.88250079,0.651153293573325,0.679007250842194,0.623574645813186,19072322.3845103,30410674.0888008,5278012.67193727,25132661.4168635,6060339.0323532,70324866.323965,64264527.2916119
2011,14419471.9698583,21623524.5564808,3667746.82026405,0.681062231618565,0.707653678941798,0.687605551129617,20376453.0574061,31749704.436101,5334085.52947046,26415618.9066305,6039165.84922439,76364032.1731894,70324866.323965
2012,15938569.4430217,23752868.5692912,3988117.96371065,0.713301216653021,0.729295437967927,0.739367681730244,21854749.9589908,33299913.1569483,5393957.6509184,27905955.5060299,6051205.54703917,82415237.7202286,76364032.1731894
2013,16846917.8307351,25462954.6393527,4361852.29040706,0.746043251347899,0.75643281176482,0.782307974194226,22271532.3406316,34130668.1527485,5575620.38773764,28555047.7650109,6283515.42437927,88698753.1446079,82415237.7202286
2014,18545546.6808013,28001327.620471,4763390.7556268,0.792349562143915,0.794407667673494,0.829904770360513,23345125.4758327,35339613.9258358,5739683.54653218,29599930.3793036,6254804.90347097,94953558.0480788,88698753.1446079
2015,19596141.6973717,30171918.8637184,5117230.42943168,0.823688695919513,0.801916155713444,0.870785577778675,24436646.5967225,36630245.1559523,5876567.733799,30753677.4221533,6317030.82543082,101270588.87351,94953558.0480788
2016,20535471.5692603,32056288.212048,5356182.32204896,0.839822819203426,0.809952847509516,0.890581014666136,25353909.9620475,38170299.1143459,6014256.12475795,32156042.9895879,6802133.02754039,108072721.90105,101270588.87351
2017,22365798.5201909,34343647.4976052,5617993.83805779,0.86383237598349,0.835722793042424,0.916125234098956,26762221.5241598,39757305.2972277,6132342.64154213,33624962.6556856,6862741.13152577,114935463.032576,108072721.90105
2018,23374534.2047043,36014718.708004,5832848.00418321,0.882820585607208,0.856716707145045,0.945846823177234,27283854.755907,40795059.9421432,6166799.80442271,34628260.1377205,7344405.3818135,122279868.414389,114935463.032576
2019,24324029.647595,37832149.7840879,6337339.44510508,0.905484689931872,0.876688904809272,0.970433543884339,27745337.6153846,41781103.7610524,6530420.84647931,35250682.9145731,7505345.29918852,129785213.713578,122279868.414389
2020,22794603.7771636,36495246.0817594,6461385.53678013,0.912471069157662,0.882804717098127,0.981165480032424,25820663.7727219,39996058.302922,6585418.73748616,33410639.5654358,7589975.79271394,137375189.506292,129785213.713578
2021,25533345.7599518,40326625.9359246,6666313.06477457,0.934551031044433,0.912707172552455,0.995415079044728,27975397.2882078,43150801.3969622,6697018.36461232,36453783.0323499,8478385.74414207,145853575.250434,137375189.506292
2022,28823571.769525,44810030.5713493,6898897.96490025,1,1,1,28823571.769525,44810030.5713493,6898897.96490025,37911132.6064491,9087560.83692405,154941136.087358,145853575.250434
2023,30358241.3345783,47059272.1622801,6999357.76731549,0.988829230669269,1.00028338448916,1.00772446831855,30349640.7171475,47590899.1185758,6945705.8822779,40645193.2362979,10295552.5191504,165236688.606508,154941136.087358
2024,31394858.191729,49115934.7426349,7209481.22933367,0.994095535267289,0.999416266316645,1.03119124738644,31413195.1318293,49407660.5317705,6991410.4174237,42416250.1143468,11003054.9825175,176239743.589026,165236688.606508
